aist_2012_c6bc0383ea448fcb7e5f45ac85a1afb2d12505ef	ru
dialogue_2000_d779021b5cfc493595763bb6c4c3574894e715a9	ru
dialogue_2000_36d974d4d7e5f5c5dad83e90551a821a0a2c9f3e	ru
dialogue_2000_c484e5f1e10cf1b0a63b184ce32b8a48d50a3cbe	ru
dialogue_2000_8da4e8aef1ada2f8a21b8873256f68c2c0e9e529	ru
dialogue_2002_1278cd2b6bcea491ef72101cf6f227cbfc664289	ru
dialogue_2002_977c4161efebe2a2da2bc9070b4c366f6dd7790d	ru
dialogue_2002_189f5dd4351f966d86f836462283ef485f0255cd	ru
dialogue_2003_e0f3ab61a399630033ac49475bf036c043196202	ru
dialogue_2003_ccc14b44cd5851614cd4adfbd59dd73fcdb8a09e	ru
dialogue_2003_b42261987b561abd566100c046ad51dd958702a6	ru
dialogue_2019_4a5c4385216b2220faf8860da8101e1c3744c9ca	ru
dialogue_2006_b8c6726eb307e468087cc332646b274ed4c821bc	ru
dialogue_2006_500e96450545e5b1778ee12e7e83dd23945ace7c	ru
dialogue_2006_0b84d340edc8c21225ced251746f5013078b5df3	ru
dialogue_2006_616c78c53b3b322a4eea4418d1d10d9d1508cf12	ru
dialogue_2007_8b928b108aae7fc55c38f33b2456ae5e2d6889ab	ru
dialogue_2007_5095e9f5bb85baafc76ad77f4b79d7f412c5b0c7	ru
dialogue_2008_6a1e4a79b6d2b9e462fa7bec85618c7cac2e9a5c	ru
dialogue_2008_dc9a40c27eddb5b643374118291292eeb842ceb4	ru
dialogue_2005_ed84ad87736180089a879a6c7b428c0f04cb0108	en
dialogue_2011_932991ab2d00dc921a169451422516953658d9e0	en
dialogue_2012_7cb46f3e1e715fa315256ca30404faf312bdaba8	en
dialogue_2012_9577168b37efef5c565150422f4152cc896ed336	en
dialogue_2013_67593c77c4471d62e33dd08afab4dfc231ecbcde	en
dialogue_2014_7b482dc59ce6ed3a99f45eafed6ef078dea83b79	en
dialogue_2014_19122ea4d4e9f052fda3a7d65d9d6fa88dcaad5b	en
dialogue_2015_87b497262b42d4d275a0394ff6bf9c92d9a2afc7	en
dialogue_2016_c1f6ca221c4c2c4b39b029a802f645d911d9dfd9	en
dialogue_2016_1ca08ad514b70f52f4475f72894dfe8321054580	en
dialogue_2017_6407e00d6077550a0b837e661734f0ad1adfd30a	en
dialogue_2017_4b9b6213a17d94ebadbbe7373a73430c1ba47282	en
dialogue_2017_d94d7e3801d8f21c3421ddc7b67f48f60ef7997d	en
dialogue_2018_37e12e9856473293c99667fa95da1e72abb1aff6	en
dialogue_2018_8199d54eb226a7a544ec156a32c9912cf53d1359	en
dialogue_2018_6d5a00769f373ca7a31c81bb33d9944981d61f52	en
dialogue_2018_288cc208175b724bee284a6ede9ecdb24e31384e	en
dialogue_2019_74610d867309cc74c401a526aecc13100e3cf53c	en
ainl_2016_0790fcd7a4965a62eb8127d48d03e51a5467f34d	en
aist_2015_310f043fe1734af7e2c1e1b6e386730be7102d59	en
